text,label
See you soon Noted,ham
Project discussion today Noted,ham
Earn cash fast Call now,spam
Get loan instantly Limited offer,spam
Exclusive deal just for you Click here,spam
Click now to win Limited offer,spam
Lunch at 1 pm Thanks,ham
Earn cash fast Call now,spam
Happy birthday! Noted,ham
You have been selected Limited offer,spam
Team meeting at 5 PM Noted,ham
Click now to win Click here,spam
Can we reschedule meeting? Thanks,ham
Call me when free Noted,ham
Urgent response needed Limited offer,spam
Please review the document Okay,ham
See you soon Noted,ham
Meeting is confirmed Noted,ham
You have been selected Call now,spam
You have been selected Don't miss out,spam
Can we reschedule meeting? Okay,ham
Win money now Click here,spam
Lowest price guaranteed Call now,spam
Lunch at 1 pm See you,ham
Get loan instantly Hurry up,spam
Meeting is confirmed Noted,ham
Get rich quick Click here,spam
Get loan instantly Click here,spam
Let's catch up later Noted,ham
You have been selected Click here,spam
Let's catch up later Regards,ham
Update on project status Noted,ham
Call now for free reward Hurry up,spam
Let's catch up later Okay,ham
Click now to win Limited offer,spam
Get loan instantly Limited offer,spam
Project discussion today See you,ham
Happy birthday! Noted,ham
Lowest price guaranteed Don't miss out,spam
Call now for free reward Don't miss out,spam
Happy birthday! Okay,ham
Call now for free reward Click here,spam
Lunch at 1 pm Okay,ham
Get loan instantly Limited offer,spam
Please review the document Okay,ham
Please find attached report Thanks,ham
Let's catch up later See you,ham
Let's meet tomorrow Okay,ham
Call me when free Regards,ham
Meeting is confirmed Thanks,ham
Win money now Don't miss out,spam
Call me when free Noted,ham
Let's meet tomorrow Thanks,ham
Happy birthday! See you,ham
Call now for free reward Don't miss out,spam
Earn cash fast Hurry up,spam
Limited time offer Hurry up,spam
Free entry in contest Call now,spam
Act now to claim reward Don't miss out,spam
Lunch at 1 pm See you,ham
You have been selected Click here,spam
Exclusive deal just for you Limited offer,spam
Thanks for your help See you,ham
Claim your prize now Don't miss out,spam
Urgent response needed Hurry up,spam
Limited time offer Limited offer,spam
Act now to claim reward Call now,spam
Call me when free Okay,ham
Free entry in contest Don't miss out,spam
Limited time offer Call now,spam
Please review the document Thanks,ham
Thanks for your help Noted,ham
Urgent response needed Don't miss out,spam
Meeting is confirmed Noted,ham
Project discussion today Thanks,ham
Please review the document Noted,ham
Can we reschedule meeting? Regards,ham
Lowest price guaranteed Hurry up,spam
Please find attached report See you,ham
Lunch at 1 pm Regards,ham
Lowest price guaranteed Call now,spam
Happy birthday! Noted,ham
Happy birthday! Regards,ham
Please find attached report Noted,ham
Lunch at 1 pm Noted,ham
Call me when free Okay,ham
Call me when free Regards,ham
Limited time offer Click here,spam
Lowest price guaranteed Click here,spam
Win money now Don't miss out,spam
Team meeting at 5 PM Thanks,ham
Lowest price guaranteed Call now,spam
Get loan instantly Hurry up,spam
Earn cash fast Don't miss out,spam
Lowest price guaranteed Hurry up,spam
Thanks for your help Okay,ham
Update on project status Noted,ham
Call now for free reward Click here,spam
See you soon Regards,ham
Please review the document See you,ham
Free entry in contest Call now,spam
Act now to claim reward Click here,spam
Earn cash fast Hurry up,spam
Win money now Click here,spam
See you soon Noted,ham
Meeting is confirmed Thanks,ham
Call now for free reward Call now,spam
Team meeting at 5 PM Regards,ham
Claim your prize now Limited offer,spam
Claim your prize now Limited offer,spam
Get rich quick Call now,spam
Win money now Click here,spam
Free entry in contest Limited offer,spam
Exclusive deal just for you Call now,spam
Project discussion today Thanks,ham
See you soon Okay,ham
Free entry in contest Call now,spam
Project discussion today Regards,ham
Thanks for your help Okay,ham
Get loan instantly Don't miss out,spam
Thanks for your help See you,ham
Team meeting at 5 PM See you,ham
Team meeting at 5 PM Thanks,ham
Thanks for your help Thanks,ham
Lowest price guaranteed Don't miss out,spam
Call me when free Okay,ham
Get rich quick Don't miss out,spam
Act now to claim reward Don't miss out,spam
Congratulations! You won Don't miss out,spam
Please review the document Noted,ham
Get loan instantly Limited offer,spam
Meeting is confirmed Thanks,ham
Lunch at 1 pm Regards,ham
Call now for free reward Call now,spam
Team meeting at 5 PM Noted,ham
Lowest price guaranteed Call now,spam
Act now to claim reward Limited offer,spam
Act now to claim reward Don't miss out,spam
Claim your prize now Hurry up,spam
Exclusive deal just for you Hurry up,spam
Project discussion today Okay,ham
Team meeting at 5 PM See you,ham
Act now to claim reward Hurry up,spam
Please find attached report Noted,ham
Limited time offer Limited offer,spam
Please review the document Noted,ham
Get rich quick Call now,spam
Call me when free Okay,ham
Lunch at 1 pm See you,ham
Can we reschedule meeting? Noted,ham
Call now for free reward Call now,spam
Call me when free Noted,ham
Get rich quick Don't miss out,spam
Lowest price guaranteed Click here,spam
You have been selected Call now,spam
Thanks for your help Noted,ham
Lowest price guaranteed Don't miss out,spam
Meeting is confirmed Thanks,ham
Thanks for your help Noted,ham
Call now for free reward Click here,spam
Congratulations! You won Don't miss out,spam
Let's meet tomorrow Thanks,ham
Exclusive deal just for you Hurry up,spam
Let's meet tomorrow Regards,ham
Free entry in contest Limited offer,spam
Let's catch up later Regards,ham
Meeting is confirmed Thanks,ham
Lowest price guaranteed Call now,spam
Earn cash fast Click here,spam
You have been selected Hurry up,spam
Call me when free Thanks,ham
Let's meet tomorrow Noted,ham
Can we reschedule meeting? Okay,ham
Win money now Don't miss out,spam
See you soon Thanks,ham
Please find attached report Thanks,ham
You have been selected Limited offer,spam
Free entry in contest Call now,spam
Lowest price guaranteed Limited offer,spam
Please find attached report Regards,ham
Let's meet tomorrow Noted,ham
You have been selected Hurry up,spam
See you soon Noted,ham
Thanks for your help Regards,ham
See you soon See you,ham
Free entry in contest Hurry up,spam
Happy birthday! Noted,ham
Update on project status See you,ham
Lunch at 1 pm Okay,ham
Let's catch up later Regards,ham
Please find attached report Regards,ham
Please review the document Okay,ham
Happy birthday! Thanks,ham
Let's meet tomorrow Thanks,ham
Project discussion today Thanks,ham
Exclusive deal just for you Click here,spam
Call now for free reward Limited offer,spam
Lowest price guaranteed Click here,spam
Click now to win Don't miss out,spam
Lowest price guaranteed Don't miss out,spam
Thanks for your help Regards,ham
Let's catch up later Okay,ham
Please find attached report Noted,ham
Please review the document Thanks,ham
Lunch at 1 pm Okay,ham
Please review the document Okay,ham
Get rich quick Limited offer,spam
Click now to win Call now,spam
Call me when free Okay,ham
Please review the document Noted,ham
Team meeting at 5 PM Noted,ham
Can we reschedule meeting? Okay,ham
Call me when free See you,ham
Congratulations! You won Click here,spam
Earn cash fast Don't miss out,spam
Click now to win Limited offer,spam
Call me when free See you,ham
Call me when free Thanks,ham
Urgent response needed Click here,spam
See you soon Thanks,ham
Click now to win Limited offer,spam
Limited time offer Call now,spam
Meeting is confirmed Okay,ham
Free entry in contest Click here,spam
Lunch at 1 pm See you,ham
Lunch at 1 pm Noted,ham
Urgent response needed Don't miss out,spam
Congratulations! You won Call now,spam
Call now for free reward Click here,spam
Click now to win Click here,spam
Get rich quick Don't miss out,spam
Get rich quick Limited offer,spam
Exclusive deal just for you Don't miss out,spam
Call now for free reward Hurry up,spam
Call me when free Regards,ham
Win money now Call now,spam
Claim your prize now Click here,spam
Please review the document Thanks,ham
Free entry in contest Click here,spam
Can we reschedule meeting? Okay,ham
Call me when free Regards,ham
Urgent response needed Hurry up,spam
Get loan instantly Limited offer,spam
Congratulations! You won Click here,spam
Please review the document Regards,ham
Please review the document Regards,ham
Call me when free Okay,ham
Please find attached report Regards,ham
Get loan instantly Click here,spam
Limited time offer Click here,spam
Earn cash fast Don't miss out,spam
Win money now Don't miss out,spam
Congratulations! You won Click here,spam
Win money now Hurry up,spam
Can we reschedule meeting? Noted,ham
Team meeting at 5 PM See you,ham
Lunch at 1 pm Thanks,ham
Update on project status Thanks,ham
You have been selected Hurry up,spam
Call me when free See you,ham
See you soon Okay,ham
Let's catch up later See you,ham
Let's meet tomorrow Noted,ham
Meeting is confirmed See you,ham
Meeting is confirmed Regards,ham
Can we reschedule meeting? Noted,ham
Lowest price guaranteed Don't miss out,spam
Call me when free Regards,ham
Exclusive deal just for you Hurry up,spam
Get rich quick Don't miss out,spam
You have been selected Don't miss out,spam
Claim your prize now Limited offer,spam
Happy birthday! See you,ham
Thanks for your help Noted,ham
Call now for free reward Hurry up,spam
Call me when free See you,ham
Earn cash fast Hurry up,spam
Lowest price guaranteed Limited offer,spam
See you soon See you,ham
Urgent response needed Hurry up,spam
See you soon Okay,ham
Win money now Limited offer,spam
Limited time offer Don't miss out,spam
Claim your prize now Don't miss out,spam
Let's meet tomorrow Noted,ham
Limited time offer Hurry up,spam
Can we reschedule meeting? Noted,ham
Urgent response needed Limited offer,spam
Let's meet tomorrow Noted,ham
Free entry in contest Limited offer,spam
Please find attached report Regards,ham
Exclusive deal just for you Click here,spam
Lowest price guaranteed Hurry up,spam
Team meeting at 5 PM Regards,ham
Click now to win Hurry up,spam
Exclusive deal just for you Hurry up,spam
Congratulations! You won Limited offer,spam
Thanks for your help Noted,ham
Team meeting at 5 PM Noted,ham
Call me when free See you,ham
Can we reschedule meeting? See you,ham
Limited time offer Hurry up,spam
Click now to win Don't miss out,spam
Act now to claim reward Don't miss out,spam
Team meeting at 5 PM Noted,ham
Can we reschedule meeting? Thanks,ham
Please review the document Thanks,ham
Lowest price guaranteed Click here,spam
Act now to claim reward Hurry up,spam
Lunch at 1 pm See you,ham
Act now to claim reward Click here,spam
Urgent response needed Don't miss out,spam
Click now to win Click here,spam
Project discussion today Thanks,ham
See you soon Noted,ham
Let's meet tomorrow Noted,ham
You have been selected Hurry up,spam
Urgent response needed Click here,spam
Project discussion today Okay,ham
Team meeting at 5 PM See you,ham
Earn cash fast Limited offer,spam
Call now for free reward Call now,spam
Please review the document Regards,ham
Update on project status See you,ham
Urgent response needed Call now,spam
Exclusive deal just for you Don't miss out,spam
Update on project status Thanks,ham
Click now to win Hurry up,spam
Let's meet tomorrow Regards,ham
Meeting is confirmed See you,ham
Act now to claim reward Limited offer,spam
Meeting is confirmed Thanks,ham
Let's catch up later Okay,ham
Let's catch up later See you,ham
Can we reschedule meeting? See you,ham
Thanks for your help Noted,ham
Update on project status Regards,ham
Limited time offer Click here,spam
Exclusive deal just for you Don't miss out,spam
Happy birthday! Thanks,ham
Update on project status See you,ham
See you soon See you,ham
Congratulations! You won Call now,spam
Exclusive deal just for you Call now,spam
Get rich quick Click here,spam
Get rich quick Call now,spam
See you soon Okay,ham
Get rich quick Don't miss out,spam
Please review the document Okay,ham
Congratulations! You won Hurry up,spam
Urgent response needed Don't miss out,spam
Can we reschedule meeting? Regards,ham
Can we reschedule meeting? Noted,ham
Can we reschedule meeting? Thanks,ham
Update on project status Thanks,ham
Call me when free Thanks,ham
Call me when free Okay,ham
Lunch at 1 pm Regards,ham
Act now to claim reward Limited offer,spam
Can we reschedule meeting? Okay,ham
Click now to win Click here,spam
Limited time offer Click here,spam
Lunch at 1 pm Regards,ham
Thanks for your help Thanks,ham
Earn cash fast Limited offer,spam
Exclusive deal just for you Don't miss out,spam
Call now for free reward Don't miss out,spam
Update on project status Thanks,ham
Call now for free reward Hurry up,spam
Get rich quick Call now,spam
Call me when free Thanks,ham
Click now to win Hurry up,spam
Congratulations! You won Hurry up,spam
Lunch at 1 pm Regards,ham
Happy birthday! See you,ham
Limited time offer Call now,spam
Please find attached report Thanks,ham
You have been selected Don't miss out,spam
Earn cash fast Limited offer,spam
Exclusive deal just for you Call now,spam
Congratulations! You won Call now,spam
Congratulations! You won Hurry up,spam
Urgent response needed Call now,spam
Let's catch up later Regards,ham
Limited time offer Hurry up,spam
Lowest price guaranteed Limited offer,spam
Happy birthday! Regards,ham
Get rich quick Limited offer,spam
You have been selected Click here,spam
Limited time offer Hurry up,spam
Exclusive deal just for you Call now,spam
Lunch at 1 pm Noted,ham
Free entry in contest Click here,spam
Congratulations! You won Click here,spam
Congratulations! You won Call now,spam
Get loan instantly Limited offer,spam
Please review the document See you,ham
Update on project status Thanks,ham
Get rich quick Hurry up,spam
Update on project status See you,ham
You have been selected Hurry up,spam
Lunch at 1 pm Thanks,ham
Earn cash fast Limited offer,spam
Win money now Click here,spam
See you soon Regards,ham
Free entry in contest Don't miss out,spam
Limited time offer Hurry up,spam
Limited time offer Call now,spam
Happy birthday! Regards,ham
Call me when free Thanks,ham
Limited time offer Limited offer,spam
Call now for free reward Limited offer,spam
Happy birthday! Noted,ham
Team meeting at 5 PM Regards,ham
You have been selected Limited offer,spam
Thanks for your help Regards,ham
Thanks for your help Regards,ham
Thanks for your help Regards,ham
Claim your prize now Don't miss out,spam
Thanks for your help Okay,ham
Exclusive deal just for you Limited offer,spam
Act now to claim reward Call now,spam
Call me when free See you,ham
Project discussion today Regards,ham
Exclusive deal just for you Hurry up,spam
Team meeting at 5 PM Okay,ham
Can we reschedule meeting? Noted,ham
Let's catch up later Okay,ham
Urgent response needed Hurry up,spam
Exclusive deal just for you Hurry up,spam
Team meeting at 5 PM Thanks,ham
Team meeting at 5 PM Okay,ham
Let's catch up later Regards,ham
Please review the document Noted,ham
You have been selected Don't miss out,spam
Happy birthday! See you,ham
Claim your prize now Click here,spam
Call me when free Okay,ham
Lunch at 1 pm See you,ham
Claim your prize now Click here,spam
Let's meet tomorrow Thanks,ham
Happy birthday! Noted,ham
Can we reschedule meeting? Regards,ham
Call me when free Regards,ham
Update on project status See you,ham
Meeting is confirmed Thanks,ham
Update on project status See you,ham
Win money now Click here,spam
Click now to win Call now,spam
Call me when free Noted,ham
Update on project status See you,ham
Lunch at 1 pm Okay,ham
Lunch at 1 pm Regards,ham
Exclusive deal just for you Limited offer,spam
Let's catch up later Okay,ham
Call now for free reward Don't miss out,spam
Please review the document See you,ham
Update on project status Thanks,ham
Team meeting at 5 PM Noted,ham
Let's meet tomorrow Okay,ham
Win money now Hurry up,spam
Call me when free See you,ham
Thanks for your help Regards,ham
Project discussion today Noted,ham
Get rich quick Don't miss out,spam
Please find attached report Noted,ham
Limited time offer Click here,spam
Meeting is confirmed Okay,ham
Lowest price guaranteed Call now,spam
Call me when free Regards,ham
Update on project status Regards,ham
Meeting is confirmed Regards,ham
Limited time offer Limited offer,spam
Earn cash fast Hurry up,spam
Act now to claim reward Hurry up,spam
Free entry in contest Click here,spam
Happy birthday! Noted,ham
Please find attached report See you,ham
Please review the document See you,ham
See you soon Thanks,ham
Earn cash fast Call now,spam
Let's catch up later Thanks,ham
Win money now Hurry up,spam
Thanks for your help Noted,ham
Let's meet tomorrow Regards,ham
Please find attached report Regards,ham
Lowest price guaranteed Limited offer,spam
Get loan instantly Click here,spam
Limited time offer Don't miss out,spam
Exclusive deal just for you Hurry up,spam
Team meeting at 5 PM Okay,ham
Lowest price guaranteed Limited offer,spam
Let's meet tomorrow Thanks,ham
See you soon Okay,ham
Free entry in contest Limited offer,spam
Get loan instantly Limited offer,spam
You have been selected Click here,spam
Can we reschedule meeting? Noted,ham
Project discussion today Okay,ham
Let's catch up later See you,ham
Claim your prize now Hurry up,spam
Update on project status Noted,ham
Please review the document Thanks,ham
Free entry in contest Don't miss out,spam
Click now to win Don't miss out,spam
Happy birthday! Regards,ham
Click now to win Call now,spam
Team meeting at 5 PM Okay,ham
Let's meet tomorrow Noted,ham
Project discussion today Noted,ham
Exclusive deal just for you Limited offer,spam
Win money now Hurry up,spam
Let's meet tomorrow Thanks,ham
Please review the document Okay,ham
Lunch at 1 pm Regards,ham
Call now for free reward Click here,spam
Limited time offer Don't miss out,spam
Let's catch up later Thanks,ham
Can we reschedule meeting? See you,ham
Limited time offer Limited offer,spam
Lowest price guaranteed Don't miss out,spam
See you soon See you,ham
You have been selected Don't miss out,spam
Please find attached report See you,ham
Thanks for your help See you,ham
Team meeting at 5 PM Noted,ham
Urgent response needed Call now,spam
Please find attached report Thanks,ham
Win money now Limited offer,spam
Congratulations! You won Call now,spam
Update on project status Regards,ham
Can we reschedule meeting? See you,ham
Please find attached report Regards,ham
Please review the document Noted,ham
Team meeting at 5 PM Regards,ham
Lowest price guaranteed Limited offer,spam
Congratulations! You won Limited offer,spam
See you soon Regards,ham
Act now to claim reward Call now,spam
Happy birthday! Okay,ham
Get loan instantly Limited offer,spam
Let's meet tomorrow Okay,ham
Urgent response needed Click here,spam
Project discussion today Thanks,ham
You have been selected Limited offer,spam
Get rich quick Don't miss out,spam
Earn cash fast Limited offer,spam
Call now for free reward Don't miss out,spam
Get loan instantly Hurry up,spam
Let's catch up later Regards,ham
Thanks for your help Okay,ham
Get loan instantly Click here,spam
Project discussion today Okay,ham
Update on project status Okay,ham
Project discussion today Regards,ham
See you soon Thanks,ham
Please review the document Thanks,ham
Lowest price guaranteed Limited offer,spam
Get loan instantly Don't miss out,spam
See you soon Okay,ham
See you soon Okay,ham
Lowest price guaranteed Click here,spam
Team meeting at 5 PM Regards,ham
Call me when free Regards,ham
Get loan instantly Call now,spam
Happy birthday! Okay,ham
Please find attached report Noted,ham
Free entry in contest Hurry up,spam
Congratulations! You won Call now,spam
Please find attached report Regards,ham
Team meeting at 5 PM See you,ham
Free entry in contest Call now,spam
Call now for free reward Limited offer,spam
Call now for free reward Call now,spam
Thanks for your help Thanks,ham
Win money now Click here,spam
Please review the document Regards,ham
Lowest price guaranteed Limited offer,spam
Get rich quick Don't miss out,spam
Exclusive deal just for you Hurry up,spam
Earn cash fast Call now,spam
Team meeting at 5 PM Okay,ham
Exclusive deal just for you Limited offer,spam
Win money now Limited offer,spam
Limited time offer Don't miss out,spam
Free entry in contest Limited offer,spam
Can we reschedule meeting? Regards,ham
Happy birthday! Okay,ham
Please review the document Regards,ham
Lowest price guaranteed Hurry up,spam
Please find attached report Noted,ham
Urgent response needed Hurry up,spam
You have been selected Hurry up,spam
Get loan instantly Call now,spam
Exclusive deal just for you Call now,spam
Team meeting at 5 PM Noted,ham
Project discussion today See you,ham
Happy birthday! Okay,ham
Exclusive deal just for you Limited offer,spam
Please find attached report See you,ham
Call me when free Okay,ham
Call now for free reward Click here,spam
Free entry in contest Click here,spam
Please find attached report See you,ham
See you soon Okay,ham
Meeting is confirmed Regards,ham
Update on project status Noted,ham
Lunch at 1 pm Regards,ham
Win money now Call now,spam
Urgent response needed Call now,spam
See you soon Noted,ham
Update on project status Regards,ham
Congratulations! You won Click here,spam
Exclusive deal just for you Click here,spam
Exclusive deal just for you Limited offer,spam
Exclusive deal just for you Call now,spam
Lowest price guaranteed Limited offer,spam
Win money now Limited offer,spam
Please review the document See you,ham
Call me when free Regards,ham
Let's catch up later Okay,ham
Meeting is confirmed Thanks,ham
Congratulations! You won Click here,spam
Meeting is confirmed See you,ham
Get loan instantly Click here,spam
You have been selected Limited offer,spam
Act now to claim reward Call now,spam
Lunch at 1 pm Regards,ham
Please find attached report Regards,ham
Act now to claim reward Limited offer,spam
Click now to win Hurry up,spam
Claim your prize now Hurry up,spam
Let's meet tomorrow Thanks,ham
Act now to claim reward Limited offer,spam
Congratulations! You won Don't miss out,spam
Call now for free reward Limited offer,spam
Earn cash fast Hurry up,spam
Congratulations! You won Limited offer,spam
Happy birthday! See you,ham
Happy birthday! Thanks,ham
Get loan instantly Click here,spam
Can we reschedule meeting? Okay,ham
Update on project status Okay,ham
Team meeting at 5 PM Thanks,ham
Congratulations! You won Call now,spam
Exclusive deal just for you Limited offer,spam
Call me when free See you,ham
Can we reschedule meeting? Regards,ham
Project discussion today Regards,ham
See you soon Noted,ham
Get rich quick Click here,spam
Earn cash fast Limited offer,spam
Team meeting at 5 PM Regards,ham
You have been selected Limited offer,spam
Please find attached report See you,ham
See you soon Okay,ham
Call now for free reward Don't miss out,spam
Team meeting at 5 PM Okay,ham
Meeting is confirmed Thanks,ham
Get rich quick Click here,spam
Lunch at 1 pm Noted,ham
Call now for free reward Call now,spam
Please review the document Okay,ham
Congratulations! You won Hurry up,spam
Can we reschedule meeting? See you,ham
Team meeting at 5 PM Regards,ham
Get loan instantly Click here,spam
Win money now Limited offer,spam
Happy birthday! Regards,ham
Please review the document See you,ham
Urgent response needed Don't miss out,spam
Happy birthday! Thanks,ham
Earn cash fast Limited offer,spam
You have been selected Click here,spam
Click now to win Hurry up,spam
Can we reschedule meeting? Regards,ham
Congratulations! You won Click here,spam
Team meeting at 5 PM Thanks,ham
Call me when free Thanks,ham
Urgent response needed Call now,spam
Let's meet tomorrow Regards,ham
Lunch at 1 pm Noted,ham
Act now to claim reward Limited offer,spam
Get rich quick Hurry up,spam
Congratulations! You won Don't miss out,spam
Exclusive deal just for you Don't miss out,spam
Free entry in contest Limited offer,spam
Earn cash fast Hurry up,spam
Let's meet tomorrow See you,ham
Free entry in contest Hurry up,spam
Urgent response needed Hurry up,spam
Get loan instantly Don't miss out,spam
Let's meet tomorrow Okay,ham
Meeting is confirmed Thanks,ham
Limited time offer Limited offer,spam
Thanks for your help Regards,ham
Meeting is confirmed Okay,ham
Update on project status Thanks,ham
Get loan instantly Click here,spam
You have been selected Don't miss out,spam
Project discussion today Okay,ham
Can we reschedule meeting? Thanks,ham
Lowest price guaranteed Don't miss out,spam
Limited time offer Hurry up,spam
Limited time offer Limited offer,spam
Lunch at 1 pm Thanks,ham
Earn cash fast Hurry up,spam
Congratulations! You won Hurry up,spam
Urgent response needed Click here,spam
Urgent response needed Don't miss out,spam
Please review the document Thanks,ham
Thanks for your help Okay,ham
Exclusive deal just for you Call now,spam
Let's catch up later See you,ham
Let's meet tomorrow Noted,ham
Happy birthday! Regards,ham
Earn cash fast Click here,spam
Let's meet tomorrow Regards,ham
Project discussion today Thanks,ham
Get loan instantly Limited offer,spam
Act now to claim reward Click here,spam
Meeting is confirmed Thanks,ham
Get rich quick Limited offer,spam
Exclusive deal just for you Call now,spam
Please review the document Noted,ham
Happy birthday! See you,ham
Lunch at 1 pm Noted,ham
Urgent response needed Hurry up,spam
Thanks for your help Thanks,ham
Click now to win Hurry up,spam
Limited time offer Don't miss out,spam
Update on project status Okay,ham
Earn cash fast Limited offer,spam
Earn cash fast Click here,spam
Happy birthday! Noted,ham
Let's catch up later Noted,ham
Limited time offer Call now,spam
Congratulations! You won Limited offer,spam
Thanks for your help Thanks,ham
See you soon Regards,ham
Update on project status Regards,ham
Limited time offer Hurry up,spam
Exclusive deal just for you Call now,spam
Update on project status See you,ham
Lowest price guaranteed Limited offer,spam
Let's meet tomorrow See you,ham
Please review the document See you,ham
Congratulations! You won Click here,spam
You have been selected Don't miss out,spam
See you soon Noted,ham
Get rich quick Limited offer,spam
Can we reschedule meeting? Okay,ham
Call me when free Noted,ham
Win money now Don't miss out,spam
Happy birthday! Regards,ham
Free entry in contest Call now,spam
Please find attached report Regards,ham
Thanks for your help Regards,ham
Earn cash fast Limited offer,spam
Call now for free reward Hurry up,spam
Congratulations! You won Click here,spam
Act now to claim reward Don't miss out,spam
Call me when free Thanks,ham
Happy birthday! Thanks,ham
Please review the document See you,ham
Click now to win Limited offer,spam
Meeting is confirmed Regards,ham
Let's catch up later Okay,ham
Lunch at 1 pm Thanks,ham
Please review the document Regards,ham
Happy birthday! Thanks,ham
Act now to claim reward Don't miss out,spam
You have been selected Limited offer,spam
Lunch at 1 pm Regards,ham
Get rich quick Don't miss out,spam
Thanks for your help See you,ham
Congratulations! You won Call now,spam
Let's meet tomorrow Regards,ham
Call now for free reward Call now,spam
Please review the document Noted,ham
Meeting is confirmed Okay,ham
Team meeting at 5 PM Okay,ham
Happy birthday! Regards,ham
Urgent response needed Don't miss out,spam
Win money now Hurry up,spam
Let's meet tomorrow Regards,ham
Limited time offer Limited offer,spam
Please find attached report Thanks,ham
Please find attached report Okay,ham
Team meeting at 5 PM Thanks,ham
Project discussion today Regards,ham
Act now to claim reward Hurry up,spam
Meeting is confirmed Regards,ham
Call now for free reward Hurry up,spam
Meeting is confirmed Regards,ham
Team meeting at 5 PM See you,ham
Lowest price guaranteed Limited offer,spam
Meeting is confirmed Thanks,ham
Please review the document See you,ham
Let's catch up later Noted,ham
Call me when free Thanks,ham
Get rich quick Hurry up,spam
Act now to claim reward Limited offer,spam
Get loan instantly Hurry up,spam
Call now for free reward Hurry up,spam
Win money now Don't miss out,spam
Let's catch up later Noted,ham
Free entry in contest Limited offer,spam
Thanks for your help Thanks,ham
Let's meet tomorrow See you,ham
See you soon Regards,ham
Please find attached report See you,ham
Call me when free Okay,ham
Please find attached report Thanks,ham
Project discussion today See you,ham
Call me when free See you,ham
Win money now Click here,spam
Get loan instantly Don't miss out,spam
You have been selected Hurry up,spam
Claim your prize now Hurry up,spam
Call me when free Noted,ham
Earn cash fast Click here,spam
Can we reschedule meeting? Okay,ham
Get loan instantly Call now,spam
Lowest price guaranteed Don't miss out,spam
Urgent response needed Hurry up,spam
Meeting is confirmed Okay,ham
Limited time offer Limited offer,spam
Call now for free reward Call now,spam
Call me when free Noted,ham
Claim your prize now Call now,spam
Call me when free Noted,ham
Please find attached report Thanks,ham
Please review the document Regards,ham
Win money now Don't miss out,spam
You have been selected Don't miss out,spam
Exclusive deal just for you Hurry up,spam
Thanks for your help Thanks,ham
Can we reschedule meeting? Noted,ham
Let's meet tomorrow Regards,ham
Congratulations! You won Click here,spam
Claim your prize now Limited offer,spam
Let's meet tomorrow See you,ham
Please find attached report Thanks,ham
Call me when free Thanks,ham
Call now for free reward Click here,spam
Let's meet tomorrow See you,ham
Project discussion today Noted,ham
Call me when free Thanks,ham
Claim your prize now Hurry up,spam
You have been selected Limited offer,spam
Win money now Click here,spam
Please review the document Thanks,ham
Happy birthday! Thanks,ham
Let's meet tomorrow See you,ham
Urgent response needed Call now,spam
Earn cash fast Call now,spam
Earn cash fast Don't miss out,spam
Lowest price guaranteed Limited offer,spam
Meeting is confirmed Noted,ham
Claim your prize now Call now,spam
Limited time offer Call now,spam
Lunch at 1 pm Okay,ham
Exclusive deal just for you Call now,spam
Let's catch up later See you,ham
Please find attached report Regards,ham
Meeting is confirmed Okay,ham
Call me when free Okay,ham
Congratulations! You won Don't miss out,spam
Get loan instantly Don't miss out,spam
Meeting is confirmed Okay,ham
Call now for free reward Call now,spam
Exclusive deal just for you Click here,spam
See you soon Okay,ham
Happy birthday! Regards,ham
Lowest price guaranteed Click here,spam
Update on project status Okay,ham
Team meeting at 5 PM Thanks,ham
Let's meet tomorrow Okay,ham
Act now to claim reward Don't miss out,spam
Please review the document See you,ham
Please find attached report Thanks,ham
Thanks for your help Regards,ham
Click now to win Click here,spam
Congratulations! You won Call now,spam
Free entry in contest Don't miss out,spam
Lunch at 1 pm Okay,ham
Call now for free reward Limited offer,spam
Please find attached report Noted,ham
Urgent response needed Limited offer,spam
Get loan instantly Don't miss out,spam
Claim your prize now Don't miss out,spam
Thanks for your help Noted,ham
Can we reschedule meeting? See you,ham
Congratulations! You won Don't miss out,spam
Please find attached report Noted,ham
Click now to win Call now,spam
Please review the document Noted,ham
Happy birthday! See you,ham
Earn cash fast Click here,spam
Project discussion today See you,ham
Act now to claim reward Call now,spam
Team meeting at 5 PM Thanks,ham
Happy birthday! See you,ham
Happy birthday! See you,ham
Earn cash fast Don't miss out,spam
You have been selected Call now,spam
Thanks for your help Okay,ham
Claim your prize now Hurry up,spam
You have been selected Click here,spam
Happy birthday! Noted,ham
Claim your prize now Hurry up,spam
Lunch at 1 pm Regards,ham
Let's meet tomorrow Okay,ham
You have been selected Hurry up,spam
See you soon Regards,ham
Update on project status Thanks,ham
Earn cash fast Don't miss out,spam
Lowest price guaranteed Limited offer,spam
Limited time offer Limited offer,spam
Please find attached report See you,ham
Limited time offer Don't miss out,spam
Act now to claim reward Click here,spam
Please review the document Noted,ham
Can we reschedule meeting? Regards,ham
Let's meet tomorrow Thanks,ham
Earn cash fast Hurry up,spam
You have been selected Hurry up,spam
Claim your prize now Hurry up,spam
Claim your prize now Call now,spam
Earn cash fast Click here,spam
Call me when free Thanks,ham
Thanks for your help Noted,ham
Limited time offer Hurry up,spam
Congratulations! You won Limited offer,spam
Please find attached report See you,ham
Happy birthday! Noted,ham
Urgent response needed Click here,spam
Team meeting at 5 PM Thanks,ham
Meeting is confirmed Noted,ham
Update on project status Regards,ham
Act now to claim reward Limited offer,spam
Get loan instantly Click here,spam
Call now for free reward Click here,spam
Get rich quick Hurry up,spam
Earn cash fast Limited offer,spam
Limited time offer Limited offer,spam
Win money now Call now,spam
Call me when free Regards,ham
Project discussion today See you,ham
Urgent response needed Limited offer,spam
Get loan instantly Limited offer,spam
Act now to claim reward Limited offer,spam
Urgent response needed Call now,spam
Get loan instantly Click here,spam
Project discussion today See you,ham
Get rich quick Call now,spam
Update on project status Regards,ham
Lunch at 1 pm Regards,ham
Get rich quick Call now,spam
Please review the document See you,ham
Call now for free reward Hurry up,spam
Can we reschedule meeting? Okay,ham
Get rich quick Call now,spam
Thanks for your help Regards,ham
Congratulations! You won Click here,spam
Free entry in contest Don't miss out,spam
Can we reschedule meeting? See you,ham
Free entry in contest Don't miss out,spam
Congratulations! You won Limited offer,spam
Lowest price guaranteed Hurry up,spam
Please review the document Noted,ham
You have been selected Call now,spam
Exclusive deal just for you Click here,spam
Please review the document See you,ham
Get rich quick Limited offer,spam
Meeting is confirmed Okay,ham
Claim your prize now Limited offer,spam
Lowest price guaranteed Click here,spam
Limited time offer Click here,spam
Project discussion today Regards,ham
Win money now Hurry up,spam
Claim your prize now Limited offer,spam
Limited time offer Limited offer,spam
Limited time offer Limited offer,spam
Please find attached report Thanks,ham
Exclusive deal just for you Don't miss out,spam
Exclusive deal just for you Click here,spam
Claim your prize now Click here,spam
Call me when free Okay,ham
Exclusive deal just for you Call now,spam
Get rich quick Limited offer,spam
Limited time offer Hurry up,spam
Please find attached report Regards,ham
Call now for free reward Click here,spam
Claim your prize now Hurry up,spam
Congratulations! You won Limited offer,spam
Let's meet tomorrow Thanks,ham
Congratulations! You won Click here,spam
Click now to win Hurry up,spam
Team meeting at 5 PM Noted,ham
Thanks for your help Thanks,ham
Call now for free reward Hurry up,spam
Let's meet tomorrow Thanks,ham
Lunch at 1 pm See you,ham
Call me when free Noted,ham
Congratulations! You won Call now,spam
Limited time offer Don't miss out,spam
Click now to win Don't miss out,spam
Win money now Limited offer,spam
Earn cash fast Call now,spam
See you soon See you,ham
Meeting is confirmed Thanks,ham
Act now to claim reward Limited offer,spam
Congratulations! You won Hurry up,spam
Can we reschedule meeting? Noted,ham
Please review the document Okay,ham
Thanks for your help See you,ham
Congratulations! You won Click here,spam
Congratulations! You won Click here,spam
Limited time offer Click here,spam
Claim your prize now Don't miss out,spam
Please review the document See you,ham
Please find attached report Regards,ham
Lowest price guaranteed Don't miss out,spam
Free entry in contest Don't miss out,spam
Lunch at 1 pm Thanks,ham
Meeting is confirmed Noted,ham
Team meeting at 5 PM Okay,ham
Click now to win Click here,spam
Get rich quick Click here,spam
Let's meet tomorrow Okay,ham
Thanks for your help See you,ham
Meeting is confirmed Thanks,ham
Urgent response needed Call now,spam
Can we reschedule meeting? Noted,ham
Act now to claim reward Click here,spam
Congratulations! You won Hurry up,spam
Lunch at 1 pm Okay,ham
Call now for free reward Call now,spam
Call me when free Thanks,ham
Lunch at 1 pm See you,ham
Project discussion today Noted,ham
Act now to claim reward Call now,spam
You have been selected Call now,spam
Please review the document Noted,ham
Can we reschedule meeting? Okay,ham
Get loan instantly Click here,spam
Win money now Limited offer,spam
Team meeting at 5 PM Thanks,ham
Meeting is confirmed Regards,ham
Update on project status See you,ham
Happy birthday! Thanks,ham
Exclusive deal just for you Call now,spam
Urgent response needed Don't miss out,spam
Please find attached report See you,ham
Earn cash fast Call now,spam
Call me when free Regards,ham
Earn cash fast Click here,spam
Congratulations! You won Hurry up,spam
Can we reschedule meeting? Okay,ham
Update on project status Thanks,ham
Thanks for your help Noted,ham
Call me when free Regards,ham
Can we reschedule meeting? See you,ham
Exclusive deal just for you Click here,spam
Please find attached report Okay,ham
Lowest price guaranteed Click here,spam
Happy birthday! Regards,ham
Act now to claim reward Limited offer,spam
Congratulations! You won Click here,spam
Let's catch up later Okay,ham
Lunch at 1 pm Regards,ham
Win money now Limited offer,spam
Limited time offer Limited offer,spam
Please find attached report Regards,ham
Let's meet tomorrow Okay,ham
Click now to win Limited offer,spam
Lowest price guaranteed Don't miss out,spam
Let's catch up later Noted,ham
Call now for free reward Click here,spam
Happy birthday! Okay,ham
Thanks for your help Thanks,ham
Get loan instantly Click here,spam
Call now for free reward Call now,spam
Happy birthday! Noted,ham
Win money now Click here,spam
Project discussion today Okay,ham
Congratulations! You won Don't miss out,spam
Call now for free reward Hurry up,spam
Update on project status Thanks,ham
Lunch at 1 pm Noted,ham
Let's meet tomorrow Noted,ham
Urgent response needed Hurry up,spam
Lowest price guaranteed Don't miss out,spam
Earn cash fast Hurry up,spam
Meeting is confirmed See you,ham
Team meeting at 5 PM Okay,ham
Call me when free Regards,ham
Please find attached report Regards,ham
Thanks for your help Okay,ham
Thanks for your help Regards,ham
Can we reschedule meeting? Thanks,ham
Team meeting at 5 PM Regards,ham
Earn cash fast Limited offer,spam
Click now to win Hurry up,spam
Please find attached report Thanks,ham
Lowest price guaranteed Don't miss out,spam
Free entry in contest Hurry up,spam
Win money now Hurry up,spam
Congratulations! You won Call now,spam
Call me when free Regards,ham
Win money now Hurry up,spam
Act now to claim reward Don't miss out,spam
Exclusive deal just for you Hurry up,spam
Congratulations! You won Hurry up,spam
Get rich quick Hurry up,spam
Free entry in contest Limited offer,spam
See you soon Regards,ham
Claim your prize now Hurry up,spam
Thanks for your help Regards,ham
Lunch at 1 pm See you,ham
Team meeting at 5 PM Thanks,ham
Update on project status Regards,ham
Call now for free reward Limited offer,spam
Free entry in contest Hurry up,spam
Call now for free reward Hurry up,spam
Please find attached report Thanks,ham
Earn cash fast Click here,spam
Update on project status Thanks,ham
Please review the document Okay,ham
Let's catch up later Regards,ham
Update on project status Noted,ham
Limited time offer Don't miss out,spam
Earn cash fast Limited offer,spam
See you soon Regards,ham
Limited time offer Limited offer,spam
Lunch at 1 pm Thanks,ham
Congratulations! You won Click here,spam
Update on project status Thanks,ham
Call now for free reward Hurry up,spam
Call now for free reward Hurry up,spam
Call now for free reward Don't miss out,spam
Congratulations! You won Call now,spam
Team meeting at 5 PM Regards,ham
Urgent response needed Don't miss out,spam
Let's catch up later Okay,ham
Call now for free reward Don't miss out,spam
Team meeting at 5 PM Thanks,ham
Click now to win Hurry up,spam
Lowest price guaranteed Don't miss out,spam
Claim your prize now Don't miss out,spam
Free entry in contest Click here,spam
Get rich quick Hurry up,spam
Please find attached report Thanks,ham
Call now for free reward Limited offer,spam
Get rich quick Don't miss out,spam
Claim your prize now Don't miss out,spam
Act now to claim reward Call now,spam
Thanks for your help Regards,ham
Get rich quick Don't miss out,spam
Act now to claim reward Click here,spam
Please find attached report Regards,ham
You have been selected Don't miss out,spam
Can we reschedule meeting? See you,ham
Get rich quick Call now,spam
You have been selected Limited offer,spam
Earn cash fast Click here,spam
Team meeting at 5 PM Thanks,ham
Earn cash fast Call now,spam
Team meeting at 5 PM Thanks,ham
Lunch at 1 pm Noted,ham
Lowest price guaranteed Click here,spam
Update on project status Regards,ham
Thanks for your help Regards,ham
Win money now Don't miss out,spam
Click now to win Hurry up,spam
Win money now Hurry up,spam
Lunch at 1 pm Noted,ham
Exclusive deal just for you Call now,spam
Happy birthday! Thanks,ham
Free entry in contest Call now,spam
Call now for free reward Click here,spam
Update on project status Noted,ham
Call me when free Noted,ham
Lunch at 1 pm See you,ham
See you soon Okay,ham
Team meeting at 5 PM Regards,ham
Call me when free See you,ham
Urgent response needed Don't miss out,spam
Team meeting at 5 PM Thanks,ham
Limited time offer Don't miss out,spam
Get loan instantly Click here,spam
Win money now Don't miss out,spam
Click now to win Limited offer,spam
Act now to claim reward Don't miss out,spam
Team meeting at 5 PM Regards,ham
Claim your prize now Limited offer,spam
Update on project status Regards,ham
Thanks for your help Thanks,ham
