CustomerID,Name,Age,Country,PurchaseAmount,Feedback
4677e15a,Kevin Butler,56,Falkland Islands (Malvinas),540.98,World case even need million this window garden ready answer.
24f04d1e,Mark Carter,46,Malawi,1019.63,Moment expect long too far quality live.
f39975be,Mark Walters,32,China,636.71,Room power Mrs factor while structure probably society.
57de68e1,Sandra Brown,60,Philippines,605.44,Letter cell operation instead country.
c17620b2,Lisa Gomez,25,Gibraltar,121.93,Manage wonder capital arrive item better among.
7c1f9836,Brenda Davis,38,Afghanistan,1238.65,Recent citizen state central clear.
70872fdc,Jack Jackson,56,Uganda,1030.22,For suffer sense difference reason long amount add never sense.
40a7c815,Debbie Rodriguez,36,Kuwait,150.38,Son apply capital sell police as free fact.
8801b118,Frederick Suarez,40,Dominica,593.36,Mrs number success according issue result rich individual pass.
44b3daa5,Christine Martinez,28,United States Virgin Islands,1821.12,Something commercial guess doctor security baby boy.
fb015452,Veronica Rodriguez,28,Cyprus,517.15,Sure begin different message occur yes lawyer either machine score expert.
3a8e28ab,Christopher Santiago,41,Antarctica (the territory South of 60 deg S),332.55,Think thank west memory fight.
b1980e4c,Dawn Rollins,53,Korea,1004.43,Administration turn end too might energy.
15e9aff8,Fernando Roberts,57,Monaco,1972.02,Perform rather a teacher central thought she left.
2a92cb40,Barbara Sanchez,41,Uganda,522.01,Suggest enjoy interview station once on growth option.
7643bf21,Sarah Stephenson,20,Bhutan,1360.66,Idea property doctor five run man tough.
6b23599e,Alexandria Bullock,39,Finland,1535.16,Financial pressure beautiful hundred six idea material.
1cb74adc,Chris Reynolds,19,Yemen,513.39,Inside mind available economy someone.
9e6f3953,Sean Flores,41,Dominica,1470.02,From apply man garden police peace hope.
32685b76,Jennifer Graves,61,Wallis and Futuna,767.18,Just itself wait somebody make international.
eacfa137,Greg Vega,47,Saint Helena,1283.0,Military poor weight suggest song.
1fc14580,Danielle Allison,55,Lebanon,1285.38,Realize require drop six hear kid.
9926de3e,Desiree Fox,19,Norway,1094.76,Commercial stage big likely really beautiful citizen very phone.
7502bf24,Joseph Miller,38,Austria,226.07,Test center position at option because impact the yes management wide.
130b815d,Michael Williams,50,Holy See (Vatican City State),1678.84,Watch family manage why page eat less dog win political.
10c1c548,Susan Luna,29,Suriname,675.52,Investment management evening ago great especially mother yard spend room.
dff78602,Ashley Adams,39,Reunion,413.71,Beat example send include play fire.
78f1d296,Frances Vang,61,Jersey,129.51,Name air tree visit also school recognize between already ahead.
73fb2526,Jonathan Orozco,42,Italy,1202.24,Need west remain bill first.
5191e3ed,David Jones,44,Chile,1371.25,Second special contain training all move poor.
48dfe828,Jeffrey Gentry,59,Djibouti,82.35,Short teacher into main science trouble.
a2fe4cc3,Samuel Johnson,45,Saint Martin,1048.58,Final take without rise traditional situation.
838fc714,Lori Bonilla,33,Kuwait,491.67,Score almost laugh plan now event less choice help.
11dd9c55,Angela Bell,32,Japan,1308.09,His media result hit international report.
812c05b3,Shannon Boyd,64,Guam,390.01,Yourself drug modern its few break.
3300d469,Philip Rodriguez,61,French Polynesia,1397.33,Tax big age news pretty Republican.
cfbd2108,Tyler Brandt,20,Tuvalu,804.13,Audience half choose page.
be4b2837,Mary Lowery,54,Korea,1876.62,Sure per next government a.
7b2ea4d5,Amy Young,24,Antigua and Barbuda,318.17,Live space home onto animal item this rest.
9d151981,David Lowe,38,Brunei Darussalam,715.08,Technology various name from human.
c963d9e2,Renee Smith,26,Tunisia,271.27,Everybody attack west budget season Mrs past.
fb1315fd,Emily Haley,56,Bangladesh,1853.15,Art mission claim stay world couple state positive truth dinner difficult.
e3730f70,Juan Adams,35,El Salvador,1760.81,Pm election claim rich economy actually star.
cb9d4f0f,Jesse Aguilar,21,Korea,552.99,Plan man although brother along skin boy policy peace.
473352e1,Edward Brock,42,Trinidad and Tobago,1336.97,Conference agency serious walk relationship arrive coach leader.
2900df35,Lori Yang,31,Saint Kitts and Nevis,1643.58,Item save strategy apply it environment stay son behavior bar.
15440918,Katrina Perkins,26,Saint Vincent and the Grenadines,1132.64,Share either thank source outside perhaps someone great.
ad748540,Lauren Clark,43,Korea,1082.82,Child risk when seven certainly.
d6feece9,John Brown,19,Bahamas,521.61,The one memory health usually science month tell form at.
4e8b9e51,Jessica Duke,37,Moldova,231.55,Force begin else sometimes nice.
3eeef3ae,Bailey Murphy,45,Northern Mariana Islands,1799.57,Our their movie think.
a26df9ea,Rachael Wilson,64,Micronesia,1805.82,Should whole box get hard measure not common garden.
de3b730c,Anne Ballard,24,Ireland,1284.55,Himself player seem allow information network owner under police enough.
7d5c77b5,Sean Harvey,61,Saint Kitts and Nevis,711.11,Training ago manage decade quality mention could language rest amount.
22e2f988,Phillip Rogers,25,Ireland,730.96,Development official future continue trade reveal student against.
94111a8d,Philip Reid,64,Uzbekistan,1465.61,Since detail race base born speech.
d09b1f38,Stephanie Munoz MD,52,Australia,1799.37,Develop stand group threat parent result heavy represent.
eef0bd25,Joshua Williams,31,Puerto Rico,1779.82,Environment individual now something third.
9d224d9b,Kevin Porter,34,Zimbabwe,1570.76,Word administration allow for during eat.
9f9afcdf,Ronald Brooks,53,Reunion,1301.96,Couple serious officer floor never white mind ahead.
9571e034,Anthony Johnson,57,Niger,214.07,Avoid especially industry thank offer.
c18d9186,Michael Rivas,21,New Zealand,365.18,Relationship and decision offer by together loss technology.
e85aa09c,David Cole,19,Afghanistan,1802.18,General forget board economy serious foot vote individual among shoulder.
d18bd498,Krystal Smith,23,Bulgaria,1232.54,Fear assume happy born film throughout say.
33aec696,Rachel Goodman,59,Ghana,67.93,Together development design democratic real.
3de33493,Chris Clark,21,Timor-Leste,247.87,Know very happen marriage throw provide.
d351f6bb,Megan Herrera,46,Papua New Guinea,1343.83,One interview box there throughout.
ce6aa58e,Cynthia Sandoval,35,Mongolia,59.87,Anyone data include give research beat also again.
c64754c4,Robert Collins,43,Saint Martin,363.58,Record teacher matter strong front once term through American fire.
b7f54fd7,Carl Garcia,61,Sierra Leone,1120.03,Significant example behind key item visit explain wall.
abc9586f,Dawn Hart,51,British Virgin Islands,1399.2,Fight serious coach debate.
c8260bd5,Debra Hamilton,27,Saint Kitts and Nevis,1321.32,Option too concern three.
c2c5d595,Shane Murray,53,Greenland,487.33,Brother number staff drug but skin water cost ask.
6aab52c6,Zachary Ferguson,31,Finland,1438.75,On lawyer possible never resource recent special everyone.
a122fc56,James Hernandez,48,Cameroon,512.64,Song career official people key.
78033a48,Marie Smith,32,Lao People's Democratic Republic,684.53,At fund yeah detail record manager necessary although head.
fc4516d5,Melissa Greer,25,Georgia,1505.66,Data loss ten dark could ever perform sit.
3b82632d,Julian Mason,31,Japan,1316.78,Interview away small report involve indicate guy.
f5991d35,Kirk Harrison,40,French Guiana,1705.99,Open a whose travel short defense eat mention then write.
8a64e31f,Laura Barnes,57,Equatorial Guinea,1332.35,Cover positive hour effort detail his.
0b717bcd,Kevin Giles,38,Afghanistan,1158.2,Build understand best show how car between best.
d8b5cb0a,Mark Watts,33,Reunion,232.67,It relate woman here air admit.
6f35f214,Stephanie Willis,62,Northern Mariana Islands,767.05,Democratic when safe PM defense meeting special plan college reduce.
bb606063,Stacy Newman,35,Monaco,567.14,Result east PM collection stay population doctor these.
b415b5ba,Sean Snyder,64,Kuwait,525.78,Space marriage interview alone leader attack situation six official.
06831070,Laura Washington,41,Nigeria,1947.37,Future language learn write appear skin something son save.
b66ae701,Kevin Keith,43,Andorra,816.54,Huge well will rest south return executive parent ten.
6925dfe6,Carrie Aguirre,42,Costa Rica,1789.49,Around see our person human cover lot wife.
cb19c2e3,Alexander Mckinney,62,Western Sahara,1280.72,Thousand across onto carry establish itself offer smile.
40a300b6,Billy Fletcher,58,Liechtenstein,1599.88,Take various movement security among.
93699e9c,Beverly Mcmillan,46,Armenia,1030.14,Everything them wear lot health.
3120edb5,Tara Moreno,32,Singapore,1174.96,Sometimes lead husband word country program leader article half.
2f9fa606,Anita Brooks,62,Dominica,1010.41,Debate huge tell crime actually positive.
41a51d4a,Alexander Steele MD,18,Trinidad and Tobago,430.72,Girl nation space reflect maintain produce challenge effort lay.
0c756559,Emily Forbes,42,Kiribati,1458.78,Game although west finish law time.
75d28ec4,George Jordan,24,United States of America,597.51,Feeling site media drug laugh computer research.
68ecdd01,Elizabeth Dalton,26,Seychelles,97.42,Sea score scene option thing authority else may again table develop.
a9a14ca4,Philip Dawson,41,South Africa,1308.67,Position girl some hope worker speak.
af427562,Diana Kirk,18,Mongolia,395.37,Nation responsibility play final expect movie.
df13eeb5,Rebecca Brown,61,Nepal,1883.89,Newspaper dog action four resource kitchen.
46b7562f,Lauren Franklin,25,Heard Island and McDonald Islands,1910.16,Happen game job instead standard only involve at.
bae47cf8,Stephanie Oliver,41,Senegal,1833.99,Truth oil drug PM box these site never.
ca90725c,Renee Conrad,28,Germany,771.81,Total month we add day traditional new order responsibility.
6eec3abd,Tyler Hogan,34,Sweden,80.14,Guess authority money question when if kind.
54a3a5b3,Daniel Adams,25,Saint Lucia,1860.22,Research order work leg political six provide step.
4267798a,Miranda Spencer,52,Andorra,884.96,Around him suggest budget cultural.
5bf412fd,Shannon Herman,52,Monaco,1934.98,Value one today only ever television study recent us image.
b286078a,David Patel,50,Guinea,1929.06,Onto subject enter interesting growth morning claim scene.
365ee15a,Jordan Malone,22,Cocos (Keeling) Islands,1713.37,Left fall sure free them money body enjoy.
adbfabe2,Seth Warner,59,Switzerland,624.18,International both boy serious who gas common tough believe small.
9bd69d86,Hannah Spencer,56,Christmas Island,800.94,Hit too onto responsibility successful commercial party dog.
7887b8a8,James Miller,58,Heard Island and McDonald Islands,1709.72,Mouth contain these life teacher sound.
668fd88f,Jonathan Brown,45,Saint Lucia,668.0,Force sort pass understand expect value professional senior.
989e4d0c,Teresa Coleman,24,Mauritius,380.51,Grow seat talk friend quickly stand water bag business.
e605f882,Julie Morrow,26,Guadeloupe,1135.76,Answer daughter too activity open could despite water.
a0dfdcef,Frank Smith,25,Philippines,1875.5,Game without site never else.
a4f6ba40,Karla Ray,29,Aruba,1407.26,Gas possible reality note about.
449bfb41,Richard Alvarez,51,Peru,1161.62,Memory those whom better stand he blood strong under interest.
1ad26b38,Desiree Harrison,50,Angola,239.49,Necessary who far somebody view ever.
e901ea62,Jennifer Gillespie,40,Latvia,1249.26,Performance mother product system consumer boy center memory professor community.
8bf484f4,Thomas Coleman,41,Liberia,1980.61,Debate book oil throw talk box with tax term best.
0ad914d6,Carlos Sullivan,54,Cyprus,323.16,Structure name or last argue tax whole.
46e9c476,Ronald Wilkins,52,Belarus,1060.74,Inside suggest off within.
2f9f74bb,Diana Wright,61,Taiwan,1760.88,Company always rock test.
a917aa1f,David Davis,57,Mexico,1494.5,Start fine the public hotel question prepare challenge level.
a536a9a3,Daniel Freeman,39,Sao Tome and Principe,1409.18,By each face serious.
3986801b,Laura Harrison,44,Suriname,1419.84,Kitchen indicate game raise boy pattern current the part foot.
f428e6b6,Peter Bradshaw,52,Central African Republic,751.01,Service leg necessary hotel.
731e0440,Kelly Carlson,18,Liberia,622.5,Around happen information people ten.
2acadd97,Jeremy Morton,52,Anguilla,1628.25,Detail size former improve attorney dinner catch religious water.
55021779,Antonio Adams,54,Saint Kitts and Nevis,1629.72,Myself sure my claim age think himself near although meet.
1e7959d3,Charlene Huang,64,Ireland,1740.79,Avoid political certain authority entire three present hair.
c6f1f11c,Claire Lyons,31,Paraguay,1830.82,Attack fact like stuff kid leg health may similar.
cee5e465,Gregory Bell,20,Martinique,1047.12,Form seat carry fish action while benefit child cut bar.
9a4fb684,Laurie Keith,18,Uzbekistan,1027.96,At hold customer offer computer only consumer member.
49245200,Andrew Garcia,22,Kuwait,1606.68,Reduce however expect century light weight.
a2e3b5c4,Eddie Wells,43,Togo,1317.43,Hour there run face history live leave.
b8a587a3,Jonathan Mcguire,31,San Marino,1418.84,Save of go probably church.
491f7db4,Ronald Schmidt,56,Russian Federation,1601.8,Worker food son hundred must life writer together what.
1e5dd296,Joshua Garcia,44,Chile,1785.51,Bit since resource site respond physical policy word program.
2b946621,Joel Blair,26,French Southern Territories,709.09,Manage might authority attention sister few picture dog.
0ad902b3,Dean Brown,32,United States Minor Outlying Islands,782.39,Increase science establish system according contain member.
fbad6fb8,Angela Arias,32,Korea,233.26,Clearly matter model senior not stage receive home green receive box.
ff2a785f,Jason Johnson,43,Anguilla,1177.65,Democratic quickly think pressure middle will Republican from.
9339785e,Tracy Cox,59,Namibia,120.09,Though contain material he yourself such job effort happen.
6789b0d5,Faith Hawkins,30,Taiwan,957.92,Hospital among one avoid its evening test free.
15aff3d9,Randy Cruz,49,Iraq,1108.16,Responsibility recent say understand tax idea structure same true.
59749c23,Roger Salinas,56,Panama,608.76,Kitchen national government machine wide similar.
36a56b7e,Stephanie Jensen,49,San Marino,1202.12,Usually attention current people focus care year responsibility outside election.
76781d2e,Jeanette Jordan,21,France,109.48,Summer campaign least recognize success food over account finish.
38bc6bb6,Victoria Ford,47,Niue,122.83,Indeed ok race item sure environmental ok attack so.
0f58ac9c,Mr. Ryan Archer,54,Western Sahara,1654.07,Consumer plant should data tonight let area individual tough agent though.
8c9e0c80,Gregory Boone,40,China,752.37,Politics against enough deal teacher guy.
3622d6ea,Robert Barnes,56,Maldives,297.77,Reduce note civil big local.
52c7f64d,Nicholas Garcia,62,Romania,1068.37,Less eight or company hour cold myself past reality.
e916fc72,Sarah Boyd,32,Guinea-Bissau,1551.49,Hour service star so development theory election not industry.
27e91541,Joshua Johnson,60,Armenia,470.85,Way final word vote interesting these candidate science television listen water.
17ad0c31,Susan Richard,46,Argentina,1264.64,Myself door ability conference term pay girl particular.
85cb13e0,Scott Gardner,53,Somalia,216.43,From discover senior born beyond catch.
70318c74,Louis Cooley,30,Indonesia,150.78,Change spend tonight painting.
3a413f13,Wendy Garrison,49,Colombia,1086.14,Anything security change deal option something concern.
4bb71ca5,Jessica Wright,24,Bolivia,1104.24,Easy situation total party wind data possible season sure thing.
4f8181b4,Janet Torres,39,Tajikistan,1292.99,Laugh here contain part future practice power.
cc39a1fc,Molly Booker,45,Niger,1465.88,Name catch if feeling memory officer meet side.
a10e08f4,Shawn Blake,19,Romania,1952.91,Style apply born since once many.
a0f73704,Mary Acosta,59,Guam,1056.79,Structure ahead especially husband kind with.
293f9ae4,Sarah Turner,62,Indonesia,679.77,Great art play song they direction leave how.
4395d326,Denise Reed,23,Kazakhstan,1600.61,Against rather eat whole report morning Mr big toward.
442013bf,Henry Taylor,45,Syrian Arab Republic,578.12,Figure now occur we family sure.
9e2207f6,Valerie Blake,45,Slovakia (Slovak Republic),905.99,Program law morning only court road talk focus involve often.
cfdd0214,Dawn Ritter,61,El Salvador,202.99,Will star cup newspaper so would rest wish herself we.
e9654700,Olivia Mitchell,61,Mali,99.43,With cold capital those down mission kind then create.
a014e3bb,Gary Mathis,37,Belarus,1927.16,Trial lot product big certain series decade or again.
9294c4e7,Ernest Harris,47,Cuba,1680.16,Study human change manager western great reveal three box seat.
f7c777ad,Jessica Nguyen,28,Madagascar,1407.15,Couple lot material successful institution important try.
fdc31ae0,Marissa Schroeder,45,Korea,847.46,Conference quite top wait mention pay about.
815ef446,Heidi Fisher,42,Norway,387.92,Sign control since pretty deal tax born give late training.
a61921ac,David Knight,56,Guinea-Bissau,355.05,Clearly political whether information something.
22456e9a,Beth Buchanan,50,Kiribati,537.97,Discuss other wide maybe second.
a33507b8,Ashley Hale,18,Saint Helena,1120.99,Old responsibility ten build happy soon strategy.
e96d32ca,Jacqueline Jones,44,Angola,1443.46,Outside fall term most five whole offer office stuff right.
d42fb0c7,James Foster,30,Aruba,1337.38,Performance arrive lead carry environmental finally believe travel thank.
11998146,Laura Robinson,58,Eritrea,595.87,At animal system keep budget who itself son prepare summer.
8840068c,Joseph Frank,20,Guinea-Bissau,1911.99,Here one body necessary where may citizen somebody last.
7bc68bbe,Robin Johnston,56,Yemen,1488.9,Particular safe knowledge do maintain important method style.
8f3ea57b,Antonio Moss,23,Brunei Darussalam,1130.99,Theory hour quickly they.
7121431f,Joshua Wood,25,Gabon,1242.86,Collection still draw edge near word common shoulder state eight.
d34d1d96,Tracy Sandoval,44,Zambia,868.22,Today able anyone card kind market purpose probably you.
e4c383a9,Michelle King,26,Nauru,533.08,Yourself south political hand improve young strategy until his guess.
6b0c493a,Frederick Hartman,54,Eritrea,744.15,Although avoid nice throughout product possible whatever.
b87b5bc7,Aaron Lopez,50,Greece,1527.8,Side mention nor claim become.
b99054ab,David Bailey,59,Indonesia,78.07,Each evening believe rest cover those sort.
427d4844,Tony Diaz,61,Nepal,276.34,Prove few stay several language type think cut practice send program.
a39568ac,Christopher Nichols,41,Congo,139.71,Off present scientist way identify.
0711960e,Darrell Green,32,Jordan,129.42,Low hold born end simple yes community.
2a27c4d8,Timothy Schultz,49,Cameroon,1718.15,Pick sort pick political adult word organization scientist.
f783652d,Cody Horne,49,Ukraine,1422.13,Debate middle material day mission generation Republican lose turn.
cf9d5e01,Miranda Dennis,41,Bouvet Island (Bouvetoya),974.64,Food mission ball economy country yourself southern.
9ecbd0f0,Paul Garcia,58,Fiji,240.78,Low head ask moment stock listen mind power.
d2fb40ac,Nicole Moore,29,France,1008.65,Door family his message during.
